-- MariaDB dump 10.17  Distrib 10.4.15-MariaDB, for Linux (x86_64)
--
-- Host: mysql.hostinger.ro    Database: u574849695_23
-- ------------------------------------------------------
-- Server version	10.4.15-MariaDB-cll-lve

/*!40101 SET @OLD_CHARACTER_SET_CLIENT=@@CHARACTER_SET_CLIENT */;
/*!40101 SET @OLD_CHARACTER_SET_RESULTS=@@CHARACTER_SET_RESULTS */;
/*!40101 SET @OLD_COLLATION_CONNECTION=@@COLLATION_CONNECTION */;
/*!40101 SET NAMES utf8mb4 */;
/*!40103 SET @OLD_TIME_ZONE=@@TIME_ZONE */;
/*!40103 SET TIME_ZONE='+00:00' */;
/*!40014 SET @OLD_UNIQUE_CHECKS=@@UNIQUE_CHECKS, UNIQUE_CHECKS=0 */;
/*!40014 SET @OLD_FOREIGN_KEY_CHECKS=@@FOREIGN_KEY_CHECKS, FOREIGN_KEY_CHECKS=0 */;
/*!40101 SET @OLD_SQL_MODE=@@SQL_MODE, SQL_MODE='NO_AUTO_VALUE_ON_ZERO' */;
/*!40111 SET @OLD_SQL_NOTES=@@SQL_NOTES, SQL_NOTES=0 */;

--
-- Table structure for table `catalogs`
--

DROP TABLE IF EXISTS `catalogs`;
/*!40101 SET @saved_cs_client     = @@character_set_client */;
/*!40101 SET character_set_client = utf8 */;
CREATE TABLE `catalogs` (
  `id` bigint(20) unsigned NOT NULL AUTO_INCREMENT,
  `name` varchar(255) COLLATE utf8mb4_unicode_ci DEFAULT NULL COMMENT '???????? ???????',
  PRIMARY KEY (`id`),
  UNIQUE KEY `unique_name` (`name`(10))
) ENGINE=InnoDB AUTO_INCREMENT=106 DEFAULT CHARSET=utf8mb4 COLLATE=utf8mb4_unicode_ci COMMENT='??????? ????????-????????';
/*!40101 SET character_set_client = @saved_cs_client */;

--
-- Dumping data for table `catalogs`
--

LOCK TABLES `catalogs` WRITE;
/*!40000 ALTER TABLE `catalogs` DISABLE KEYS */;
INSERT INTO `catalogs` VALUES (6,'perferendis'),(7,'id'),(8,'cupiditate'),(9,'et'),(10,'temporibus'),(11,'rem'),(12,'voluptas'),(13,'labore'),(14,'incidunt'),(15,'voluptatibus'),(16,'voluptatem'),(17,'modi'),(18,'mollitia'),(19,'repellat'),(20,'placeat'),(21,'quasi'),(22,'qui'),(23,'quibusdam'),(24,'similique'),(25,'molestias'),(26,'rerum'),(27,'aut'),(28,'itaque'),(29,'eius'),(30,'consequuntur'),(31,'velit'),(32,'voluptate'),(33,'non'),(34,'tempora'),(35,'voluptates'),(36,'quia'),(37,'illo'),(38,'numquam'),(39,'enim'),(40,'minima'),(41,'quos'),(42,'quam'),(43,'porro'),(44,'molestiae'),(45,'fuga'),(46,'libero'),(47,'eos'),(48,'ullam'),(49,'maiores'),(50,'illum'),(51,'tempore'),(52,'ipsa'),(53,'sapiente'),(54,'impedit'),(55,'autem'),(56,'architecto'),(57,'in'),(58,'quis'),(59,'pariatur'),(60,'nemo'),(61,'iure'),(62,'ipsam'),(63,'minus'),(64,'necessitatibus'),(65,'quidem'),(66,'natus'),(67,'blanditiis'),(68,'delectus'),(69,'odit'),(70,'aperiam'),(71,'consequatur'),(72,'deserunt'),(73,'aliquam'),(74,'reiciendis'),(75,'nobis'),(76,'omnis'),(77,'quo'),(78,'a'),(79,'nisi'),(80,'recusandae'),(81,'odio'),(82,'veritatis'),(83,'vero'),(84,'dolorum'),(85,'sed'),(86,'magni'),(87,'amet'),(88,'maxime'),(89,'dolorem'),(90,'asperiores'),(91,'error'),(92,'veniam'),(93,'est'),(94,'eveniet'),(95,'explicabo'),(96,'quaerat'),(97,'animi'),(98,'neque'),(99,'accusamus'),(100,'dolor'),(101,'magnam'),(102,'doloribus'),(103,'expedita'),(104,'laudantium'),(105,'sint');
/*!40000 ALTER TABLE `catalogs` ENABLE KEYS */;
UNLOCK TABLES;

--
-- Table structure for table `discounts`
--

DROP TABLE IF EXISTS `discounts`;
/*!40101 SET @saved_cs_client     = @@character_set_client */;
/*!40101 SET character_set_client = utf8 */;
CREATE TABLE `discounts` (
  `id` bigint(20) unsigned NOT NULL AUTO_INCREMENT,
  `user_id` int(10) unsigned DEFAULT NULL,
  `product_id` int(10) unsigned DEFAULT NULL,
  `discount` float unsigned DEFAULT NULL COMMENT '???????? ?????? ?? 0.0 ?? 1.0',
  `started_at` datetime DEFAULT NULL,
  `finished_at` datetime DEFAULT NULL,
  `created_at` datetime DEFAULT current_timestamp(),
  `updated_at` datetime DEFAULT current_timestamp() ON UPDATE current_timestamp(),
  PRIMARY KEY (`id`),
  KEY `index_of_user_id` (`user_id`),
  KEY `index_of_product_id` (`product_id`)
) ENGINE=InnoDB AUTO_INCREMENT=101 DEFAULT CHARSET=utf8mb4 COLLATE=utf8mb4_unicode_ci COMMENT='??????';
/*!40101 SET character_set_client = @saved_cs_client */;

--
-- Dumping data for table `discounts`
--

LOCK TABLES `discounts` WRITE;
/*!40000 ALTER TABLE `discounts` DISABLE KEYS */;
INSERT INTO `discounts` VALUES (1,7,8,65,'2004-05-16 21:12:07','1972-10-19 19:09:27','2018-08-09 23:38:22','1986-10-11 23:53:17'),(2,8,9,3103,'1976-02-10 04:28:56','2020-02-14 11:42:02','2017-04-04 20:51:31','1983-12-12 04:28:59'),(3,9,10,9430,'1989-04-27 12:47:28','1990-05-16 12:45:39','2020-01-26 03:51:41','1976-05-18 22:13:29'),(4,10,11,78369,'2012-03-07 03:19:30','2013-12-31 07:32:06','1983-09-17 03:22:47','2016-06-02 17:14:09'),(5,11,12,246016000,'1971-06-24 08:28:37','2001-07-12 03:42:00','2017-12-10 00:13:08','2008-08-09 14:36:05'),(6,12,13,228,'1980-02-13 18:36:02','2015-12-06 22:45:06','2020-02-25 09:13:49','1998-12-10 05:51:44'),(7,13,14,82597600,'1996-05-30 05:55:53','2001-09-24 18:40:01','1985-11-28 01:42:00','2016-03-22 13:52:16'),(8,14,15,59,'1970-05-02 09:27:22','1994-03-13 09:02:56','1976-05-08 02:02:01','2007-01-25 18:23:06'),(9,15,16,844,'1995-05-19 12:05:52','2012-06-28 01:38:10','2019-05-29 00:39:13','2013-05-29 00:04:45'),(10,16,17,86,'2005-07-17 21:55:23','1973-08-04 14:00:06','2010-01-28 12:31:43','1972-11-28 02:17:55'),(11,17,18,974301000,'2016-01-01 12:23:38','1989-10-21 13:40:19','2014-01-02 14:28:15','1989-07-06 19:12:31'),(12,18,19,261534,'1988-01-31 06:59:28','2011-08-04 10:05:45','1972-08-30 09:53:47','1987-08-22 09:05:17'),(13,19,20,6,'2002-11-25 03:25:11','1985-09-26 16:31:56','1989-06-11 07:11:48','1974-02-19 20:16:50'),(14,20,21,153165,'2000-01-01 23:47:23','1992-01-16 03:50:45','1973-03-09 01:24:46','2000-03-18 08:42:37'),(15,21,22,58,'1972-07-04 10:18:11','2006-10-28 08:42:25','1981-12-23 10:36:20','2014-08-22 20:10:35'),(16,22,23,51,'2016-05-24 13:42:01','1992-10-13 20:52:33','1988-06-07 03:10:01','2003-03-26 11:44:51'),(17,23,24,0,'2000-11-22 19:11:04','1988-01-17 19:01:28','2014-09-02 00:58:23','1982-04-11 15:40:27'),(18,24,25,6046140,'1974-11-03 16:24:28','1980-10-21 10:06:08','1994-05-15 19:42:31','1984-01-10 09:19:39'),(19,25,26,7712,'2012-09-26 12:48:57','2012-05-22 15:29:57','1995-10-26 00:16:36','1986-06-17 18:20:47'),(20,26,27,2,'1970-10-23 23:32:08','2017-10-22 10:01:32','1972-08-22 17:53:07','1999-10-19 13:57:12'),(21,27,28,7140,'1988-10-07 15:32:48','2011-08-01 00:05:15','1995-09-05 02:06:41','2001-08-04 09:46:53'),(22,28,29,6,'1992-04-16 16:45:14','1980-04-14 07:00:49','1981-07-08 07:24:57','1989-07-09 01:23:16'),(23,29,30,0,'2003-10-28 13:36:41','1986-03-08 09:09:32','1989-04-28 17:04:58','1994-08-04 22:19:48'),(24,30,31,647,'2009-10-26 03:12:57','1991-03-02 15:42:16','2015-12-26 05:09:24','2017-03-23 05:27:41'),(25,31,32,70,'1989-03-19 14:18:43','1974-02-12 09:38:08','1974-12-26 23:28:08','1978-09-01 14:24:49'),(26,32,33,596,'1973-11-30 08:34:15','1991-03-08 02:49:06','1993-07-25 01:33:35','2005-09-28 03:44:55'),(27,33,34,390139,'1992-09-01 07:48:22','1996-11-01 05:51:54','1992-03-08 19:30:22','2008-01-24 18:16:23'),(28,34,35,4120,'1970-04-06 05:46:35','2001-02-02 16:24:32','1973-04-07 02:21:58','1991-06-12 00:07:39'),(29,35,36,8,'1998-08-11 20:42:21','2010-05-14 16:05:52','2011-09-04 10:18:26','1986-09-26 05:13:42'),(30,36,37,794169000,'1996-04-26 12:42:24','2001-02-12 21:14:14','2019-12-28 09:40:13','1996-07-27 17:03:34'),(31,37,38,36629,'2010-04-11 03:04:42','2009-05-10 19:39:56','2007-12-20 19:04:13','1989-03-27 21:13:03'),(32,38,39,90988900,'1983-03-19 23:36:58','2009-10-29 16:54:18','1987-12-02 13:07:25','2005-02-26 04:11:44'),(33,39,40,528,'2020-04-09 04:08:17','1973-10-03 04:04:52','1985-08-14 18:16:31','1981-07-06 03:16:42'),(34,40,41,600629000,'2000-07-04 17:04:56','1992-04-26 05:50:02','1997-04-07 04:02:18','1996-05-15 03:42:13'),(35,41,42,93008700,'2002-12-22 23:24:56','2006-01-13 06:36:48','1999-11-25 15:07:42','1997-08-17 17:52:51'),(36,42,43,0,'1975-02-12 00:27:39','1970-03-15 08:10:19','2020-12-20 20:34:34','1992-05-07 15:51:33'),(37,43,44,22743,'2003-10-23 12:19:43','2019-03-15 18:08:14','1996-09-14 18:54:45','1981-04-27 00:22:20'),(38,44,45,667093000,'2013-01-02 10:56:14','1985-05-23 12:39:01','1999-04-13 20:24:07','1990-03-24 23:46:41'),(39,45,46,6191570,'1972-05-31 14:04:54','2005-07-02 15:49:07','1998-06-19 16:42:41','1999-09-10 01:01:52'),(40,46,47,31908000,'1973-07-18 03:28:49','2005-10-01 11:32:37','2011-03-06 19:22:38','2005-04-06 10:32:14'),(41,47,48,512631,'2017-05-16 22:09:29','2015-08-12 02:23:07','1972-12-23 14:54:46','2002-04-25 06:06:40'),(42,48,49,64870,'1983-07-20 23:59:39','1987-09-25 11:42:22','1992-05-29 10:19:36','1998-04-27 13:44:56'),(43,49,50,684,'1999-03-01 00:52:06','1971-01-26 05:19:40','1993-02-24 04:57:08','2008-12-26 03:16:13'),(44,50,51,923764000,'2020-02-10 03:54:30','2011-10-24 14:25:33','2001-02-13 20:12:12','1976-06-18 12:59:11'),(45,51,52,8018380,'1992-04-16 05:07:58','2008-06-08 10:30:43','2009-08-21 12:35:51','2013-11-19 11:32:34'),(46,52,53,780171000,'1994-01-04 02:42:56','2010-11-10 01:56:50','1988-02-28 23:34:10','1970-06-03 19:26:26'),(47,53,54,685521000,'1982-11-17 03:45:43','1996-06-22 17:51:25','2012-02-12 18:20:00','1985-01-30 07:53:16'),(48,54,55,46370500,'2014-09-22 23:37:14','1977-10-05 06:33:51','2011-05-15 09:30:26','1970-10-10 08:19:34'),(49,55,56,54,'1972-11-27 18:58:01','2012-04-12 16:02:14','2019-12-08 20:37:52','1989-07-28 22:26:12'),(50,56,57,12,'1999-08-09 13:55:56','1998-09-27 22:07:55','1994-11-18 13:05:55','1970-02-04 23:23:33'),(51,57,58,29659,'1970-05-11 10:27:28','2003-03-17 04:08:18','2020-09-28 16:21:53','2009-06-26 11:50:49'),(52,58,59,3493810,'1989-06-14 15:26:23','1974-04-29 16:26:08','1989-10-25 19:33:38','1992-11-24 19:45:05'),(53,59,60,38632200,'1999-03-02 06:18:55','2008-10-01 23:36:52','1992-05-09 15:44:34','1973-08-14 17:29:44'),(54,60,61,7,'2020-06-17 01:45:50','2004-05-19 14:15:37','2019-01-01 15:19:18','1985-09-18 21:41:25'),(55,61,62,87436100,'1974-03-08 19:04:45','1977-09-07 20:34:53','1982-07-13 18:12:59','1976-10-30 22:45:55'),(56,62,63,0,'1971-03-13 22:33:08','1996-10-12 13:32:42','2017-12-11 11:58:10','1984-02-13 15:01:15'),(57,63,64,3643,'1976-03-12 16:46:34','2017-09-05 04:53:34','1991-09-25 23:45:19','1971-07-16 03:36:39'),(58,64,65,5,'1980-02-15 16:12:35','1975-02-23 02:24:31','1982-03-06 11:23:36','2001-06-15 02:36:23'),(59,65,66,49471700,'1988-08-04 19:34:27','2008-06-09 06:05:27','1980-12-26 08:07:05','2001-01-29 15:45:18'),(60,66,67,74,'2006-01-23 22:22:55','1984-03-05 16:28:52','2006-11-18 07:57:00','2004-06-18 11:55:10'),(61,67,68,3,'2018-02-19 17:14:44','1992-01-03 03:11:34','1975-12-03 13:57:37','2019-11-08 09:20:17'),(62,68,69,310,'2013-12-04 11:10:02','2018-11-21 07:19:42','2019-11-26 00:15:06','2005-06-11 09:49:45'),(63,69,70,485,'2018-01-15 15:08:55','1975-10-15 11:55:35','1982-06-01 02:36:00','1980-07-15 05:23:35'),(64,70,71,27012,'2011-05-20 15:29:28','1979-12-21 21:52:28','2018-05-26 20:36:51','1984-10-22 23:59:55'),(65,71,72,924550000,'1991-10-31 05:52:15','2011-09-02 21:06:57','2004-09-23 13:05:51','2020-10-31 15:56:04'),(66,72,73,358573,'1975-08-11 12:24:56','1994-09-08 18:19:40','1983-01-24 23:06:02','2011-04-16 15:31:56'),(67,73,74,0,'1983-10-27 12:58:00','1991-04-30 01:16:37','2007-10-11 13:03:35','1979-06-15 23:54:53'),(68,74,75,616,'1998-07-26 08:12:36','1979-04-13 15:55:43','1978-01-24 05:05:24','1973-07-18 21:47:32'),(69,75,76,0,'2012-10-07 21:21:30','1983-07-10 15:56:27','1977-04-03 16:51:56','1983-04-09 11:44:37'),(70,76,77,34,'2012-08-31 16:17:56','2008-06-24 12:21:50','2015-02-10 13:38:10','1975-08-08 01:15:20'),(71,77,78,89,'1979-03-24 08:38:55','1993-01-14 19:13:40','1977-03-21 00:46:58','1994-08-14 22:10:16'),(72,78,79,66,'1994-10-31 23:42:02','2018-12-01 16:59:26','2000-07-14 18:05:56','2009-08-20 23:23:43'),(73,79,80,63567000,'2003-01-16 21:41:44','1972-07-31 12:19:22','2014-03-29 10:21:40','1976-07-27 08:46:52'),(74,80,81,29,'2004-01-16 04:33:08','1972-08-20 11:51:09','1978-04-16 05:11:34','1984-02-05 12:11:26'),(75,81,82,261,'2020-03-07 14:36:18','1992-12-09 07:30:49','1975-03-26 00:25:01','2019-02-24 22:09:12'),(76,82,83,74509300,'1973-07-26 00:44:20','1994-10-18 06:23:25','2009-04-21 01:19:54','1973-11-22 03:48:12'),(77,83,84,31181200,'2005-10-05 03:16:23','2005-10-18 16:36:52','1989-06-02 09:30:34','2003-03-12 19:18:06'),(78,84,85,784,'1971-03-09 13:41:16','2020-11-18 05:10:43','1995-06-02 07:30:37','1990-03-01 07:55:45'),(79,85,86,291113000,'1970-01-03 03:49:21','1988-02-18 04:07:23','1981-04-13 16:49:52','2001-07-12 20:29:10'),(80,86,87,0,'2018-11-16 15:11:30','1983-01-28 00:09:59','1991-01-20 13:30:13','2016-05-19 22:14:55'),(81,87,88,57706000,'1988-03-24 01:26:36','2002-05-04 06:58:34','2006-03-05 11:29:00','2016-07-14 15:14:29'),(82,88,89,0,'2019-07-14 22:10:52','1983-10-27 23:38:38','1993-08-30 06:05:02','1977-01-22 16:40:03'),(83,89,90,88562800,'1974-04-15 12:24:16','1985-02-27 01:35:25','1975-03-24 16:09:20','2013-04-22 06:16:36'),(84,90,91,59348100,'1973-05-17 22:34:11','1988-03-09 21:44:44','1970-09-23 00:43:23','2014-10-11 18:54:54'),(85,91,92,8664050,'2017-06-07 09:16:47','2010-11-13 10:49:33','1999-10-08 23:08:19','1986-08-01 21:38:02'),(86,92,93,620968000,'1993-09-27 16:29:02','1972-06-05 15:58:32','2014-05-01 09:35:55','1992-06-28 03:49:58'),(87,93,94,0,'2019-11-19 14:26:27','1983-01-29 18:59:31','2012-07-03 01:17:58','1991-01-25 20:35:39'),(88,94,95,82,'1995-12-09 13:40:01','1998-07-20 13:27:07','1986-03-18 18:11:23','1995-10-21 11:40:43'),(89,95,96,95,'1993-08-09 19:34:33','2016-05-10 08:19:53','1992-04-29 06:00:16','1993-01-30 16:25:01'),(90,96,97,307,'1986-07-21 20:14:45','1985-01-16 02:03:50','2019-08-19 16:52:18','2001-12-16 23:55:16'),(91,97,98,656,'1993-07-09 18:44:18','2000-03-03 14:33:50','2019-02-14 03:16:02','2014-08-05 07:05:15'),(92,98,99,279147000,'1971-07-18 16:50:44','2011-01-02 06:57:11','2010-02-08 14:37:23','1991-07-30 17:03:27'),(93,99,100,500933,'2019-08-16 21:03:03','2019-05-11 04:41:11','1999-06-02 20:17:47','2020-02-09 02:13:16'),(94,100,101,9,'1981-12-06 14:10:05','2012-11-07 02:49:46','1976-05-15 13:20:20','1974-09-29 03:51:22'),(95,101,102,86309900,'1995-06-19 17:15:56','2009-06-08 04:31:12','1992-04-26 18:26:25','1985-11-25 10:14:36'),(96,102,103,39,'2016-09-01 15:19:22','1996-02-03 20:26:07','1984-03-06 19:29:39','2019-07-20 22:44:38'),(97,103,104,0,'2009-06-06 14:56:41','1997-10-18 12:22:25','2006-05-27 00:05:00','2014-01-31 07:50:30'),(98,104,105,1,'1986-08-25 13:03:18','1999-04-23 00:39:07','2008-03-18 21:19:27','1987-03-18 22:44:51'),(99,105,106,19,'2006-04-16 18:53:05','2010-08-08 09:37:47','2004-04-01 11:09:57','1982-07-08 09:03:05'),(100,106,107,692337000,'1995-09-29 05:01:31','1998-05-08 22:03:04','1988-03-29 22:58:55','2019-01-13 11:08:36');
/*!40000 ALTER TABLE `discounts` ENABLE KEYS */;
UNLOCK TABLES;

--
-- Table structure for table `orders`
--

DROP TABLE IF EXISTS `orders`;
/*!40101 SET @saved_cs_client     = @@character_set_client */;
/*!40101 SET character_set_client = utf8 */;
CREATE TABLE `orders` (
  `id` bigint(20) unsigned NOT NULL AUTO_INCREMENT,
  `user_id` int(10) unsigned DEFAULT NULL,
  `created_at` datetime DEFAULT current_timestamp(),
  `updated_at` datetime DEFAULT current_timestamp() ON UPDATE current_timestamp(),
  PRIMARY KEY (`id`),
  KEY `index_of_user_id` (`user_id`)
) ENGINE=InnoDB AUTO_INCREMENT=101 DEFAULT CHARSET=utf8mb4 COLLATE=utf8mb4_unicode_ci COMMENT='??????';
/*!40101 SET character_set_client = @saved_cs_client */;

--
-- Dumping data for table `orders`
--

LOCK TABLES `orders` WRITE;
/*!40000 ALTER TABLE `orders` DISABLE KEYS */;
INSERT INTO `orders` VALUES (1,7,'2018-09-24 11:13:19','2001-06-30 21:59:39'),(2,8,'2006-10-15 13:51:15','1985-06-11 11:09:24'),(3,9,'1981-05-24 20:41:05','1979-06-11 22:29:56'),(4,10,'1997-05-27 20:59:12','1981-03-07 06:06:38'),(5,11,'2001-12-13 14:59:17','1994-07-18 19:42:58'),(6,12,'1977-09-29 12:25:21','2002-04-05 11:20:17'),(7,13,'1980-04-22 13:05:26','2009-12-15 12:14:36'),(8,14,'1988-10-11 09:53:43','1970-01-19 09:09:51'),(9,15,'2004-05-11 02:46:41','2008-08-03 13:04:56'),(10,16,'1970-03-13 09:06:26','1981-12-19 05:26:06'),(11,17,'1983-01-19 21:03:58','2000-06-05 05:29:35'),(12,18,'2012-03-27 07:23:31','2000-08-28 21:36:16'),(13,19,'2013-12-08 03:56:27','1995-06-12 01:40:56'),(14,20,'1992-11-15 02:59:47','1973-09-07 06:21:50'),(15,21,'1976-12-06 10:59:43','1970-10-02 16:59:59'),(16,22,'2003-09-08 15:36:56','1983-12-06 01:15:31'),(17,23,'2019-10-25 00:22:51','2019-08-31 15:10:38'),(18,24,'2015-09-15 19:38:25','1972-12-13 15:59:09'),(19,25,'1999-04-27 05:23:46','2010-09-28 00:49:35'),(20,26,'1976-03-15 16:45:59','1977-03-08 16:15:50'),(21,27,'2003-05-20 10:50:03','2019-11-28 03:05:03'),(22,28,'1983-12-10 01:59:38','2001-02-14 16:20:25'),(23,29,'1973-02-13 13:10:42','1970-11-22 16:58:36'),(24,30,'1998-11-01 20:02:01','1986-09-19 18:39:06'),(25,31,'1987-08-02 04:10:43','2013-11-18 06:43:04'),(26,32,'1983-01-22 07:02:33','1995-08-13 12:22:56'),(27,33,'1996-09-12 05:30:05','2015-10-08 21:50:43'),(28,34,'2005-06-02 18:53:11','2011-06-11 23:41:29'),(29,35,'2016-06-07 01:28:12','1972-12-13 06:24:52'),(30,36,'1995-10-08 18:05:33','1977-06-19 12:54:33'),(31,37,'2015-03-14 13:27:19','2013-10-26 23:23:56'),(32,38,'2015-01-03 20:13:10','2020-10-30 00:52:37'),(33,39,'2016-03-05 06:17:04','2016-04-05 20:06:58'),(34,40,'2016-05-05 07:51:04','1999-10-01 07:44:09'),(35,41,'1993-03-22 20:42:44','1976-06-22 17:15:09'),(36,42,'1971-01-22 21:13:48','1985-07-15 06:44:37'),(37,43,'2016-07-18 11:35:25','2018-08-12 19:05:20'),(38,44,'1973-12-09 03:25:33','1974-01-30 19:13:46'),(39,45,'1979-06-20 04:52:44','2009-10-27 01:00:21'),(40,46,'1982-08-03 15:28:20','2012-05-19 00:16:47'),(41,47,'1983-10-02 01:56:10','1988-08-26 17:18:30'),(42,48,'2016-12-02 10:49:43','1998-09-18 20:16:45'),(43,49,'1995-03-28 05:41:22','1973-01-08 17:07:11'),(44,50,'1983-08-03 07:16:11','2008-05-08 07:10:50'),(45,51,'1971-11-20 00:29:59','2016-08-27 04:16:07'),(46,52,'1982-08-01 17:10:50','1976-04-25 17:54:31'),(47,53,'2010-11-12 21:35:21','1980-02-20 15:52:15'),(48,54,'1981-04-30 14:27:12','1999-01-17 01:54:13'),(49,55,'1994-12-05 23:15:56','1997-12-27 16:09:55'),(50,56,'2003-01-20 10:54:42','1993-07-12 16:35:20'),(51,57,'2008-10-08 05:45:10','1972-08-08 10:31:59'),(52,58,'1985-01-27 21:21:56','2007-06-26 13:07:08'),(53,59,'2016-02-18 11:13:54','2010-12-17 12:27:24'),(54,60,'1974-03-03 16:19:17','2009-11-07 03:31:14'),(55,61,'1993-07-04 20:53:47','1989-07-24 23:45:52'),(56,62,'1979-06-01 00:59:40','2009-10-09 10:28:15'),(57,63,'2001-08-17 07:15:39','1974-01-03 12:00:19'),(58,64,'1970-10-02 07:19:38','1988-07-07 17:28:39'),(59,65,'1985-02-25 03:49:43','1987-02-22 07:00:52'),(60,66,'2011-09-21 12:38:09','2013-09-17 16:07:49'),(61,67,'2009-09-29 14:42:06','1986-05-31 08:54:50'),(62,68,'1973-05-10 15:33:27','2002-02-08 18:42:21'),(63,69,'1974-07-29 07:05:46','2017-08-22 13:17:27'),(64,70,'2012-06-29 00:29:11','2018-02-11 12:11:01'),(65,71,'2007-01-05 17:38:13','1985-04-27 05:49:12'),(66,72,'1995-03-04 20:26:08','1992-07-12 01:00:12'),(67,73,'1987-12-25 15:36:29','1987-10-25 19:20:36'),(68,74,'1980-05-13 01:35:52','1998-04-12 07:25:44'),(69,75,'2004-10-23 13:09:00','2015-09-24 08:14:22'),(70,76,'2006-06-25 08:38:06','2009-02-23 11:43:33'),(71,77,'2003-12-16 09:04:25','1982-07-08 15:41:52'),(72,78,'2018-05-19 01:36:25','1976-09-04 20:26:15'),(73,79,'1995-11-20 17:02:25','1994-02-04 04:05:05'),(74,80,'1981-05-21 07:31:00','1989-01-26 09:46:06'),(75,81,'1975-06-14 23:45:24','2012-05-26 04:19:59'),(76,82,'1990-01-23 04:34:05','1977-12-22 03:43:16'),(77,83,'2012-12-01 23:00:12','1977-01-13 10:13:11'),(78,84,'2008-10-10 15:27:54','1999-12-17 09:18:10'),(79,85,'1991-12-01 11:16:01','2016-07-13 19:57:47'),(80,86,'1998-07-22 11:30:49','2013-03-07 19:11:28'),(81,87,'2019-03-14 03:35:28','2000-01-29 00:03:50'),(82,88,'2014-10-08 10:32:31','1986-03-12 14:07:27'),(83,89,'2008-06-16 21:25:15','1996-01-04 03:47:16'),(84,90,'2006-07-25 17:08:29','1998-08-21 10:42:23'),(85,91,'1984-12-28 12:57:59','1992-12-13 08:01:43'),(86,92,'1980-03-15 08:16:42','1986-01-19 07:09:04'),(87,93,'2009-02-11 00:00:24','1986-02-05 16:33:33'),(88,94,'1991-06-04 02:43:12','1985-06-06 02:34:59'),(89,95,'1995-01-02 01:22:16','2020-05-06 05:45:43'),(90,96,'2013-05-15 20:32:45','2009-05-05 14:57:39'),(91,97,'1979-04-23 06:28:45','2018-10-16 02:23:14'),(92,98,'1993-11-10 06:58:27','2019-04-15 04:47:17'),(93,99,'2007-02-18 01:44:01','1984-04-16 22:39:53'),(94,100,'1986-07-27 22:08:44','1996-07-07 23:56:49'),(95,101,'2003-05-19 13:48:19','2001-04-22 19:48:29'),(96,102,'1973-06-23 11:07:23','2006-01-14 19:02:22'),(97,103,'1973-12-15 21:45:52','1974-05-10 02:57:30'),(98,104,'1995-09-09 21:16:26','1971-09-28 09:15:48'),(99,105,'1988-12-18 01:52:09','1983-08-13 23:55:33'),(100,106,'1979-10-23 16:05:20','1984-03-11 08:13:31');
/*!40000 ALTER TABLE `orders` ENABLE KEYS */;
UNLOCK TABLES;

--
-- Table structure for table `orders_products`
--

DROP TABLE IF EXISTS `orders_products`;
/*!40101 SET @saved_cs_client     = @@character_set_client */;
/*!40101 SET character_set_client = utf8 */;
CREATE TABLE `orders_products` (
  `id` bigint(20) unsigned NOT NULL AUTO_INCREMENT,
  `order_id` int(10) unsigned DEFAULT NULL,
  `product_id` int(10) unsigned DEFAULT NULL,
  `total` int(10) unsigned DEFAULT 1 COMMENT '?????????? ?????????? ???????? ???????',
  `created_at` datetime DEFAULT current_timestamp(),
  `updated_at` datetime DEFAULT current_timestamp() ON UPDATE current_timestamp(),
  PRIMARY KEY (`id`)
) ENGINE=InnoDB AUTO_INCREMENT=101 DEFAULT CHARSET=utf8mb4 COLLATE=utf8mb4_unicode_ci COMMENT='?????? ??????';
/*!40101 SET character_set_client = @saved_cs_client */;

--
-- Dumping data for table `orders_products`
--

LOCK TABLES `orders_products` WRITE;
/*!40000 ALTER TABLE `orders_products` DISABLE KEYS */;
INSERT INTO `orders_products` VALUES (1,1,8,1,'1983-03-26 17:05:54','1991-08-17 12:04:01'),(2,2,9,1,'2009-12-18 20:11:17','1979-07-29 23:53:42'),(3,3,10,1,'1989-05-13 20:15:47','2015-07-14 04:12:35'),(4,4,11,1,'1998-11-27 05:54:36','2003-02-09 12:15:01'),(5,5,12,1,'1979-01-20 14:54:39','2015-06-16 12:22:05'),(6,6,13,1,'2005-10-31 04:39:29','1974-09-12 05:49:42'),(7,7,14,1,'2010-12-16 13:28:32','1993-08-03 06:19:41'),(8,8,15,1,'2013-04-05 05:49:09','2016-03-29 06:46:26'),(9,9,16,1,'2014-05-13 18:18:57','1999-04-05 23:23:40'),(10,10,17,1,'1990-09-08 16:23:11','2015-02-27 05:50:39'),(11,11,18,1,'2013-11-06 09:25:23','2015-04-24 03:07:07'),(12,12,19,1,'1977-12-20 07:22:05','2000-05-15 12:42:54'),(13,13,20,1,'2015-06-13 20:41:31','1997-01-19 06:06:05'),(14,14,21,1,'1980-01-17 08:39:40','1989-03-09 08:06:02'),(15,15,22,1,'1990-03-19 23:04:40','2012-10-11 15:57:50'),(16,16,23,1,'2008-11-27 16:37:52','1981-05-08 21:30:21'),(17,17,24,1,'1971-03-12 14:19:54','2009-04-17 07:38:23'),(18,18,25,1,'2001-07-14 23:25:32','1994-01-04 09:49:37'),(19,19,26,1,'1971-11-28 02:14:03','2010-10-10 10:50:10'),(20,20,27,1,'2007-07-04 10:37:23','1985-12-25 00:31:05'),(21,21,28,1,'2000-01-31 13:52:40','1982-12-26 16:24:31'),(22,22,29,1,'1986-02-26 01:37:15','1997-12-11 17:47:09'),(23,23,30,1,'2000-11-28 19:20:57','1996-06-07 04:45:59'),(24,24,31,1,'1972-02-19 06:13:13','1974-10-07 13:12:49'),(25,25,32,1,'1986-10-11 15:59:14','2009-12-16 01:16:35'),(26,26,33,1,'2011-01-28 23:30:07','2014-07-09 17:41:50'),(27,27,34,1,'2008-04-29 14:33:50','1978-10-11 18:27:42'),(28,28,35,1,'2016-06-13 04:42:15','1997-11-30 18:26:40'),(29,29,36,1,'2002-11-24 22:16:50','2019-01-25 06:56:10'),(30,30,37,1,'1982-11-22 16:40:41','1980-09-25 11:58:59'),(31,31,38,1,'1972-12-28 08:24:18','2003-02-01 04:17:34'),(32,32,39,1,'2019-09-24 15:34:28','1993-08-30 06:43:21'),(33,33,40,1,'1991-11-04 15:54:23','1994-06-03 01:34:36'),(34,34,41,1,'1995-07-07 07:03:46','2003-09-23 04:51:59'),(35,35,42,1,'2009-05-19 06:06:41','2020-04-20 07:45:05'),(36,36,43,1,'1970-12-12 23:26:34','1987-08-01 06:46:23'),(37,37,44,1,'2015-08-26 09:37:17','1999-12-13 18:54:20'),(38,38,45,1,'2000-10-10 18:37:44','1995-03-21 18:33:21'),(39,39,46,1,'1988-08-03 22:39:19','2014-06-18 13:44:31'),(40,40,47,1,'1983-07-01 16:27:05','1971-12-29 15:26:44'),(41,41,48,1,'1994-01-04 01:00:18','1978-09-16 13:09:53'),(42,42,49,1,'2007-11-17 10:59:12','2013-02-05 06:03:27'),(43,43,50,1,'2012-06-04 16:51:53','1981-03-23 05:12:48'),(44,44,51,1,'1984-09-10 08:31:10','2007-07-10 00:20:56'),(45,45,52,1,'2000-11-09 10:56:22','2005-05-17 10:43:55'),(46,46,53,1,'2014-01-14 23:11:58','1982-06-17 09:46:03'),(47,47,54,1,'1977-08-19 23:54:32','1984-07-09 05:11:37'),(48,48,55,1,'1981-02-13 07:43:31','1981-08-20 20:26:40'),(49,49,56,1,'2017-12-10 16:13:27','1982-04-28 12:47:51'),(50,50,57,1,'1991-09-12 22:49:48','2006-04-29 23:27:27'),(51,51,58,1,'1990-03-25 06:54:45','1988-07-06 22:09:15'),(52,52,59,1,'2005-12-22 17:11:29','2001-02-03 21:16:23'),(53,53,60,1,'1984-06-21 11:15:04','2007-09-28 14:16:29'),(54,54,61,1,'1970-01-31 17:02:01','1995-09-20 11:20:47'),(55,55,62,1,'2018-01-14 13:19:19','1997-09-14 20:58:17'),(56,56,63,1,'1993-06-19 16:04:39','2005-05-12 19:58:08'),(57,57,64,1,'2015-12-15 03:37:12','1976-04-22 16:38:19'),(58,58,65,1,'1972-12-20 06:21:43','1981-10-24 08:33:32'),(59,59,66,1,'1976-02-02 02:07:33','2012-04-18 00:50:15'),(60,60,67,1,'2003-03-30 18:40:27','1999-09-30 22:29:55'),(61,61,68,1,'1993-01-16 01:21:46','2009-02-05 13:12:38'),(62,62,69,1,'1975-08-09 10:50:44','1980-09-11 23:48:07'),(63,63,70,1,'2005-06-17 17:57:21','1981-11-28 00:17:27'),(64,64,71,1,'2009-08-10 18:24:43','1973-10-18 02:15:10'),(65,65,72,1,'2020-11-16 12:09:19','1987-12-23 21:22:34'),(66,66,73,1,'1978-10-27 14:06:33','1978-02-23 16:00:17'),(67,67,74,1,'2001-07-17 03:26:38','2009-03-21 16:13:17'),(68,68,75,1,'1987-11-25 04:21:14','1971-09-05 19:17:17'),(69,69,76,1,'2012-12-17 18:03:43','2016-07-12 14:43:05'),(70,70,77,1,'2008-12-16 06:31:55','1992-04-28 02:42:25'),(71,71,78,1,'1995-12-09 00:34:35','1990-07-24 04:40:18'),(72,72,79,1,'1978-08-25 21:40:13','2006-03-04 21:23:03'),(73,73,80,1,'2012-11-26 18:33:37','2007-09-08 18:45:51'),(74,74,81,1,'1975-11-27 17:36:05','1992-01-10 14:00:17'),(75,75,82,1,'1986-06-20 19:00:53','1989-09-12 10:30:01'),(76,76,83,1,'1972-09-26 20:41:05','2000-06-06 22:28:51'),(77,77,84,1,'1983-10-21 05:00:31','2016-07-13 01:22:12'),(78,78,85,1,'2006-10-27 00:46:42','2005-02-20 03:19:07'),(79,79,86,1,'2019-12-12 17:36:42','1995-03-05 09:06:48'),(80,80,87,1,'2016-01-17 03:21:23','2009-06-16 14:56:08'),(81,81,88,1,'1990-01-15 11:30:29','1997-05-24 21:19:11'),(82,82,89,1,'1979-10-23 23:23:34','1982-11-29 21:08:09'),(83,83,90,1,'2017-06-13 10:15:49','2007-02-10 14:07:20'),(84,84,91,1,'2017-05-24 03:35:10','2019-05-25 18:13:14'),(85,85,92,1,'2011-06-08 09:42:08','1993-02-03 00:45:55'),(86,86,93,1,'1996-04-11 15:10:10','1993-03-26 09:37:01'),(87,87,94,1,'2007-07-05 17:48:44','1993-01-15 15:55:35'),(88,88,95,1,'2014-11-21 13:14:26','2017-02-24 12:44:43'),(89,89,96,1,'1999-12-05 11:39:19','1971-05-16 11:06:03'),(90,90,97,1,'1989-05-23 02:58:49','1979-05-20 16:12:23'),(91,91,98,1,'2020-08-08 07:32:58','1999-11-02 19:11:33'),(92,92,99,1,'1984-04-02 10:07:56','2012-09-17 00:57:58'),(93,93,100,1,'1999-05-20 04:36:51','2012-09-05 06:26:59'),(94,94,101,1,'1995-06-23 09:15:03','1991-10-17 13:38:08'),(95,95,102,1,'2011-03-27 14:07:24','1974-11-24 19:45:03'),(96,96,103,1,'1998-06-18 06:31:20','2009-04-06 02:42:08'),(97,97,104,1,'2014-04-04 22:28:29','1995-02-15 22:28:40'),(98,98,105,1,'2009-04-13 15:38:51','2014-02-16 19:27:17'),(99,99,106,1,'2008-09-25 03:15:13','2007-11-02 21:28:34'),(100,100,107,1,'2014-04-06 11:33:11','1972-05-19 23:46:54');
/*!40000 ALTER TABLE `orders_products` ENABLE KEYS */;
UNLOCK TABLES;

--
-- Table structure for table `products`
--

DROP TABLE IF EXISTS `products`;
/*!40101 SET @saved_cs_client     = @@character_set_client */;
/*!40101 SET character_set_client = utf8 */;
CREATE TABLE `products` (
  `id` bigint(20) unsigned NOT NULL AUTO_INCREMENT,
  `name` varchar(255) COLLATE utf8mb4_unicode_ci DEFAULT NULL COMMENT '????????',
  `description` text COLLATE utf8mb4_unicode_ci DEFAULT NULL COMMENT '????????',
  `price` decimal(11,2) DEFAULT NULL COMMENT '????',
  `catalog_id` int(10) unsigned DEFAULT NULL,
  `created_at` datetime DEFAULT current_timestamp(),
  `updated_at` datetime DEFAULT current_timestamp() ON UPDATE current_timestamp(),
  PRIMARY KEY (`id`),
  KEY `index_of_catalog_id` (`catalog_id`)
) ENGINE=InnoDB AUTO_INCREMENT=108 DEFAULT CHARSET=utf8mb4 COLLATE=utf8mb4_unicode_ci COMMENT='???????? ???????';
/*!40101 SET character_set_client = @saved_cs_client */;

--
-- Dumping data for table `products`
--

LOCK TABLES `products` WRITE;
/*!40000 ALTER TABLE `products` DISABLE KEYS */;
INSERT INTO `products` VALUES (8,'enim','Omnis rem quibusdam ad et minima. Fugiat enim et dignissimos tenetur ut. Sunt possimus sit quia aut quisquam eveniet sapiente. Neque ut et quis qui ut excepturi et maiores.',0.00,6,'1970-08-18 07:29:30','2004-02-09 10:22:50'),(9,'quia','Excepturi dolores itaque sed facere quo omnis autem. Quisquam in iusto odio dolorum quas vel ut. Eveniet cumque quidem iure est. Et et officia nisi.',2841.00,7,'1987-11-09 19:03:29','2009-12-17 15:27:16'),(10,'temporibus','Exercitationem itaque rem non. Fuga sit error dolores mollitia. Aut magni suscipit delectus aut. Doloremque veritatis quo sed laudantium. Numquam possimus harum nostrum ipsa dignissimos laborum ab.',357301.50,8,'2005-06-28 03:43:35','2018-04-11 13:43:05'),(11,'nobis','Corporis sit nihil quae consequatur cupiditate omnis ad. Excepturi aspernatur et aut rem id vero. Aut sint consectetur ut quia. Voluptatem sequi illo rerum qui.',328.21,9,'2000-08-13 20:29:17','2003-08-05 03:56:03'),(12,'voluptas','Soluta tempora vitae aut non. Facere enim reiciendis et consequuntur alias. Quia aut et non corporis incidunt cumque est. Aut eligendi quae ducimus neque error.',0.08,10,'2006-12-18 14:34:28','1990-09-28 00:04:23'),(13,'fugiat','Eaque architecto unde sint rerum enim. Velit enim dolores autem corrupti placeat consectetur. Accusantium et odio et quia eum rem. Ab voluptate voluptate voluptatem libero et itaque.',0.00,11,'1997-09-16 14:01:34','1974-07-20 22:12:49'),(14,'provident','Omnis minima corrupti et ad esse. Blanditiis enim ducimus eius vel placeat voluptatem occaecati. Provident iure omnis et sit quisquam labore optio.',815268.91,12,'2007-03-14 06:01:05','1995-07-11 13:24:30'),(15,'facere','Inventore porro totam sed fuga et ab quis. Voluptatem et ab laudantium quia. Reprehenderit iusto labore eos.',0.82,13,'1987-10-01 19:07:00','1979-09-05 11:38:10'),(16,'est','Qui inventore aut tenetur aut. Omnis dolores non consectetur. Omnis aut amet est cumque itaque. Aut adipisci enim beatae perspiciatis.',3656.24,14,'1981-11-23 16:12:13','2011-06-11 05:10:04'),(17,'incidunt','Ut quis rerum similique doloremque. Ipsam cumque inventore voluptatum libero repellat autem. Et quis voluptate atque explicabo aut mollitia laudantium odio.',300799.92,15,'1985-07-28 17:09:46','1987-05-15 05:41:57'),(18,'nihil','Dolores quam quam perferendis exercitationem qui aut itaque. Voluptatum ut est est qui voluptate odio quos quis. Autem expedita suscipit quia consectetur voluptatibus sapiente amet. Odio ut non voluptates.',32.65,16,'2000-01-28 10:33:35','2010-09-21 01:05:21'),(19,'vel','Adipisci esse placeat autem aut reiciendis corporis blanditiis. Quibusdam omnis blanditiis est cupiditate saepe debitis omnis. Voluptate ullam et reprehenderit ex est quis cum. Velit et voluptates necessitatibus amet quisquam.',41865.61,17,'1988-02-29 00:08:32','2013-12-30 12:57:57'),(20,'ducimus','Illum ab assumenda consequuntur est eveniet dolores. Culpa omnis quia voluptatem perferendis esse tempore. Maxime et soluta est nisi est eum quibusdam laudantium.',35753161.83,18,'1999-06-28 02:37:35','1972-03-15 14:21:47'),(21,'aliquid','Eius repellendus occaecati deserunt voluptatem nisi. Nobis consequatur et unde aut ut id. Autem porro laudantium delectus labore nam voluptates ea.',26101404.00,19,'2007-02-25 18:49:34','2005-09-22 15:18:33'),(22,'numquam','Perspiciatis omnis reprehenderit nesciunt aut sit. Fugiat ut est aspernatur tenetur ratione. Quos optio quas fuga sint sint quia.',740517331.35,20,'1987-12-28 18:04:01','1973-12-09 01:53:41'),(23,'reprehenderit','Aut hic sunt aperiam. Autem eaque voluptas et cumque dolor maxime. Dolorem harum nihil aut facilis rerum fugiat voluptas impedit.',48.20,21,'1976-06-03 07:48:01','1981-02-02 09:00:04'),(24,'autem','Minus totam quia magni autem et dolores. Quae molestiae perferendis illo. Vel saepe sed fuga voluptates id dicta odit. At iusto reprehenderit ab soluta inventore.',113591156.00,22,'2011-10-31 15:58:12','1979-07-09 03:34:25'),(25,'dolorem','Harum qui amet eaque. Quo et sint in. Consequuntur qui ipsa tempore aut ab iste sapiente. Fugiat id voluptas consequuntur est aut reprehenderit.',4.66,23,'1992-12-14 13:01:03','1991-12-20 12:55:26'),(26,'corrupti','Distinctio magni excepturi et vel eveniet et. Sit unde voluptatem voluptas eaque. Fugiat mollitia repudiandae et eius voluptatem porro.',198545.13,24,'2014-01-26 18:22:36','1977-12-09 08:17:22'),(27,'quam','Ex dicta recusandae officia voluptate sed molestias enim. Fuga omnis voluptate illum distinctio. Dolores beatae amet vitae reiciendis. Molestiae qui deleniti non doloremque molestias voluptates.',0.00,25,'1986-05-22 04:06:56','1974-05-10 12:07:37'),(28,'dolor','Quod voluptatibus molestiae quia necessitatibus enim sapiente dicta. Quia quia modi reiciendis enim numquam sit praesentium aut. Laborum nobis ad iste minus veniam excepturi beatae. Quisquam numquam inventore ut nemo quia.',0.00,26,'2010-03-17 05:21:07','2002-04-01 04:25:24'),(29,'perspiciatis','Et laborum et qui. Quia nihil nisi ut blanditiis culpa. Possimus laborum sint tempore et earum ut aut et. Aliquam tenetur quidem sint.',272279.13,27,'2002-09-19 20:05:38','2010-03-04 11:15:12'),(30,'dignissimos','Voluptate iure aut vitae iure. Quibusdam qui ut rerum. Fuga et fugiat in voluptatem. Fugit non odio eos rerum consequatur sunt.',46185.79,28,'1985-10-01 08:03:23','2020-03-15 09:41:51'),(31,'est','Laborum voluptas illo pariatur rerum eaque. Et odit ipsa aperiam doloremque corporis quisquam. Cupiditate modi quas nobis qui et corrupti.',812.06,29,'1988-12-05 12:26:40','2004-07-17 13:57:03'),(32,'esse','Veritatis minima sit architecto aut alias. Ut tempore doloremque facilis assumenda libero molestiae. Corporis ut assumenda quos exercitationem. Officia provident modi sit maiores fugiat vero quisquam.',959.00,30,'2018-05-29 19:14:31','1999-03-11 11:13:02'),(33,'saepe','Et occaecati expedita dolorum cum similique non. Fugit dolorem inventore et perspiciatis possimus ea quos. Ut iusto omnis iure quos omnis accusantium. Fugiat voluptatibus voluptatibus qui quae.',7898.45,31,'1997-02-24 12:36:39','2017-03-08 03:21:14'),(34,'qui','Iure quis consequatur eum quis. Voluptas nihil ut amet qui. Ipsam placeat officiis alias. Mollitia aliquam ratione provident aliquid quo aut.',492.36,32,'1990-12-07 23:11:34','2017-10-29 08:38:58'),(35,'quia','Ullam dolores corporis temporibus laborum autem. Et qui modi voluptatem possimus dolorum et doloremque.',497.32,33,'2010-10-23 05:18:06','1982-01-13 17:47:41'),(36,'autem','Mollitia aut esse sunt debitis pariatur. Tenetur illo possimus non fuga. Voluptate odit a est reprehenderit voluptatibus. Error mollitia voluptate itaque.',72351.95,34,'1992-02-05 02:01:20','1988-12-07 14:18:20'),(37,'aut','Est necessitatibus animi accusamus qui aut nisi. Est quidem ab vitae. Quo ut quos quibusdam eum.',614.29,35,'1977-07-07 17:04:33','1999-09-15 03:02:10'),(38,'perferendis','Aut placeat quod temporibus quo. Voluptatem illo odio ea aperiam esse dolor. Deleniti sunt ut reprehenderit ex quia est reprehenderit.',32776.32,36,'1975-08-19 20:00:55','1996-11-21 17:04:30'),(39,'enim','Enim cum est iste maxime esse deserunt. Eaque cupiditate sunt quo tenetur. Eligendi quidem veniam quidem est nesciunt quia sit.',63118719.57,37,'1997-09-04 15:01:39','1996-04-27 09:04:05'),(40,'dolore','Deserunt odit est velit cumque aut. Ex voluptatum sit voluptatem non ad. Ad aut aut velit est hic quaerat tenetur saepe.',209932.00,38,'2015-05-11 02:10:11','1995-09-25 13:09:45'),(41,'labore','Doloremque dolorem deleniti quis officia voluptatum debitis id. Voluptatibus consectetur nihil neque fuga rerum eos quo. Est tenetur et animi explicabo velit corporis.',7803157.00,39,'2012-09-21 00:54:21','2001-07-05 03:01:25'),(42,'enim','Aut modi voluptas placeat sunt illo rem excepturi aliquam. Dolor consequatur voluptatibus architecto iste. Corrupti quam velit nulla eligendi.',3.08,40,'2015-01-30 04:41:37','2016-04-07 00:19:49'),(43,'aliquam','Fugiat est non et qui sint. Accusamus est eum unde aut. Qui qui distinctio voluptatem temporibus. Et deserunt magni nulla illo est ducimus.',526356235.40,41,'2004-05-25 07:41:51','1975-08-16 06:51:46'),(44,'animi','Et accusamus quia asperiores ipsam iure expedita magnam quos. Autem sunt maxime porro saepe.',696.91,42,'1983-06-03 09:58:47','1994-04-19 03:55:01'),(45,'ab','Repellendus sed illo dicta alias reprehenderit. Ratione et pariatur in.',36165.40,43,'1975-12-19 13:39:07','2011-04-18 13:24:24'),(46,'dolor','Aut nihil quas molestiae blanditiis a magni. Tempora eos nemo aut. Facere quidem a maxime quisquam in libero possimus.',3.16,44,'1978-11-13 11:10:30','1982-02-25 04:05:58'),(47,'nemo','Rem eius temporibus recusandae perferendis. Autem aspernatur eveniet perferendis aliquam maxime. Eveniet vitae commodi ratione.',1656.54,45,'1987-06-20 05:14:42','1995-07-14 17:18:25'),(48,'hic','In quos et corrupti et cumque. Assumenda voluptas sed sit blanditiis modi distinctio aperiam. Voluptatibus dignissimos nulla illo ipsa autem minus. Facilis laboriosam id aut et dolor tenetur.',369.01,46,'1996-01-20 07:28:55','1983-01-26 13:21:05'),(49,'nobis','Quaerat adipisci sit voluptatem ipsum. Aut veritatis aut tempore voluptas aliquam. Recusandae impedit ea fuga velit et.',398808700.45,47,'2011-06-19 02:15:49','1986-08-01 02:55:08'),(50,'aliquam','Et aut dignissimos impedit sed corrupti omnis. Nemo quia esse non rem. Eveniet eveniet debitis illo atque.',3675955.40,48,'2010-07-28 06:32:57','1982-11-21 06:20:39'),(51,'voluptatum','Est qui repellat fugit eveniet ipsa officiis tenetur. In quam aut nesciunt maiores ratione minima architecto nobis. Amet voluptatum labore nisi qui voluptatem. Inventore magnam non suscipit adipisci explicabo assumenda et.',58263.10,49,'1977-11-24 02:15:18','1976-05-12 16:58:06'),(52,'quaerat','Occaecati accusantium ea ea. Est nisi est accusamus iure recusandae. Corporis excepturi aliquid debitis ullam nihil.',37430641.23,50,'2020-06-07 04:23:52','1989-12-09 07:42:06'),(53,'quis','Sed labore expedita mollitia. Asperiores voluptatibus doloremque et eum numquam fugiat et. Sit ut veritatis reiciendis quae veritatis.',112.03,51,'2012-12-24 01:28:40','1998-07-17 23:53:49'),(54,'ea','Accusamus mollitia ipsa inventore est. Distinctio temporibus a illo voluptatum. Repellat asperiores molestiae omnis rerum. Et id ea aliquam officiis quae ullam exercitationem et.',37.36,52,'2002-02-22 01:03:01','2016-08-02 14:18:12'),(55,'nihil','Est itaque reiciendis esse. Odit dolorum sunt eos dolorem dolores consectetur. At eos quis impedit.',52448688.46,53,'1989-08-20 13:00:58','1971-07-11 18:48:30'),(56,'consequatur','Sed corporis consequuntur praesentium. Eos et quas at autem. Maiores minima molestiae quasi ut omnis.',812.29,54,'2010-09-14 13:04:08','1980-01-29 01:17:22'),(57,'sint','Laudantium non voluptas sed ut officiis soluta impedit. Aperiam perspiciatis quia non et eius reiciendis. Molestiae quis quae libero quos voluptatem. Dolorem eum enim sint dolor laboriosam quis maxime. Pariatur sed consequatur enim in.',437301.18,55,'1980-05-20 13:44:57','2012-09-26 20:34:58'),(58,'molestiae','Sequi et repudiandae odio quaerat qui consequatur. Possimus reiciendis eum qui commodi. Totam enim quibusdam rerum rem. Similique autem qui veniam.',2073.57,56,'1973-01-19 13:55:31','1999-01-15 15:13:20'),(59,'iure','Qui dignissimos in nihil sed vel. Magnam ullam sit exercitationem repellendus consequatur autem. Minus autem laboriosam qui rerum.',8617337.82,57,'1972-07-16 01:22:30','1988-12-11 15:27:07'),(60,'maxime','Et est qui et nihil. Est quo voluptate et dolorem quisquam earum eos nisi. A voluptas nesciunt officia dolores nihil. Dicta delectus aut neque vel impedit perferendis.',229.80,58,'2010-03-30 18:00:57','1993-10-20 02:56:01'),(61,'ea','Voluptas veniam qui voluptas sunt. Repellat voluptates aut molestias saepe. Quos nemo natus consequatur impedit voluptatum animi eos.',493.00,59,'2012-12-20 12:14:01','2002-08-12 21:16:27'),(62,'voluptas','Suscipit temporibus natus nihil doloremque sit perferendis est. Magni et quasi recusandae blanditiis aut aspernatur dolorem. Et ducimus consequuntur consequatur tenetur laboriosam quis dicta. Sint animi iste tenetur explicabo at totam voluptas beatae.',3.57,60,'2012-06-06 22:14:04','2008-11-23 20:26:12'),(63,'eius','Laboriosam praesentium aut voluptatem repellendus velit debitis nesciunt. Debitis quidem ut dolores provident quae temporibus et id. Enim modi sed ex dolorem aut quos vitae possimus. Eaque qui qui quo quo.',82823535.15,61,'1972-01-07 08:14:40','1983-12-22 01:05:22'),(64,'quia','Harum eaque et omnis rerum. Voluptatem molestiae dolorum ut consequatur amet voluptates ab. Ullam consequatur aspernatur nesciunt officia.',3603.60,62,'2006-08-03 16:36:19','1989-05-27 01:14:45'),(65,'harum','Dolorem dolores possimus nihil non. Eos cupiditate optio delectus qui sint. Suscipit ut nisi nam sed minima et quo. Nostrum delectus eos dolor sunt et exercitationem.',3781.74,63,'2013-11-22 19:41:10','2019-10-05 11:56:22'),(66,'neque','Sed quasi dolores nemo omnis quaerat. Illo excepturi tenetur voluptas est. Sed et consequuntur non odio placeat voluptas sint.',14151.20,64,'1971-01-07 10:07:42','2008-01-19 22:33:28'),(67,'distinctio','Et sapiente perspiciatis aut ut voluptas recusandae quia. Occaecati nam et velit et ut sint.',4372.62,65,'2005-04-05 19:50:48','2000-11-15 04:35:02'),(68,'alias','Ratione non neque autem rerum minus quo in sint. Laboriosam molestiae incidunt rerum et et cumque recusandae. Sapiente dolores quis corporis a voluptate veritatis aut. Ut consequatur sunt aspernatur error.',0.00,66,'1983-12-04 15:44:43','1993-08-20 07:16:09'),(69,'voluptatibus','Voluptas inventore quaerat quia itaque. Et atque perferendis voluptatem porro qui. Enim magni numquam et consequatur doloribus facere. Nihil doloremque facere harum sit.',7582215.89,67,'2007-09-02 07:30:23','2019-02-14 20:24:40'),(70,'possimus','Accusantium tempore ut voluptas quas blanditiis. Inventore est eveniet quam ut veritatis dolores. Consectetur ullam reprehenderit quod corrupti voluptatum ut. Mollitia delectus aspernatur nam adipisci non.',2243.00,68,'2000-11-13 15:41:54','1973-04-13 19:22:54'),(71,'soluta','Nesciunt commodi aut harum inventore ut quas. Suscipit laudantium sit doloremque non libero sapiente temporibus. At minima placeat tempora velit.',14701602.66,69,'1994-01-02 22:32:39','1998-10-19 01:30:58'),(72,'et','Omnis necessitatibus dolores autem est repudiandae. Deleniti sit sed enim ut illo quos consequatur. Tempore ipsa et a. Qui reprehenderit saepe error qui magni saepe dolore. Ut qui odit sed corporis nam illo.',56965928.15,70,'1976-03-21 09:28:47','1976-12-05 19:31:07'),(73,'architecto','Et deserunt est exercitationem eum consectetur ipsum est. Error veritatis suscipit non explicabo fugiat blanditiis sit. Minus in reprehenderit pariatur eaque fugiat sit vel debitis. Dicta molestiae dolor modi.',32017.56,71,'1977-04-16 15:28:12','1974-12-01 03:00:21'),(74,'voluptates','Aut commodi exercitationem eligendi molestiae. Ut quo mollitia voluptas voluptatem necessitatibus nostrum. Voluptas sit facilis nulla nam.',788.62,72,'1976-11-02 23:39:30','2008-07-02 18:54:45'),(75,'rerum','Voluptatem consequatur sed aut consequatur assumenda cupiditate repudiandae. Eos ex aperiam commodi rem aut. Sit recusandae fugit sed velit ea ut culpa. Accusamus ipsa consequatur voluptatem et ab blanditiis eos.',264684.58,73,'1982-07-08 21:59:56','1996-02-22 02:02:26'),(76,'possimus','Eum ducimus illum et molestiae. Et nesciunt maxime a quibusdam eos quidem porro omnis. Ut voluptate aperiam sunt debitis. Dolore vitae neque ut illo. Sint ad et saepe voluptas earum nobis ad.',293133999.17,74,'1998-01-28 03:08:43','2002-04-09 16:36:00'),(77,'perferendis','Nesciunt accusamus maxime inventore eligendi est. Eveniet ullam ullam aperiam quia et quaerat. Nisi nisi vero ab ullam quas debitis.',46096980.10,75,'2001-11-03 00:06:29','1987-08-25 09:35:37'),(78,'sed','Voluptate quia et tenetur aut. In minima odit eius. Illum quisquam accusamus labore officia veritatis. Commodi hic autem quisquam voluptatem qui tempore. Asperiores mollitia sit quo voluptatem dolores possimus.',0.00,76,'2006-06-25 00:13:40','1985-10-13 03:49:01'),(79,'quaerat','Voluptas velit sequi iusto laudantium eum. In quam non quasi corrupti ducimus aut. Qui soluta quam omnis et odit aut vero. Dignissimos et nihil voluptas voluptatum est perferendis fugiat assumenda.',0.00,77,'1984-10-04 09:09:43','1983-10-01 14:22:00'),(80,'quis','Hic neque fugiat neque recusandae. Aspernatur fuga molestiae sed quia dolorem. Placeat id possimus dolore et ab non. Ut omnis ipsum qui deserunt dolor sit.',0.90,78,'1991-04-14 00:50:42','1992-05-27 16:19:03'),(81,'nesciunt','Quam veritatis corporis deserunt atque et culpa est similique. Totam fugit recusandae sit. Ipsum est veritatis veniam nihil.',408899.20,79,'2003-05-06 22:48:55','2021-03-08 13:26:24'),(82,'aspernatur','Autem labore consequuntur ut ut. Ut et facere a quibusdam iusto placeat. Numquam illum laborum provident reiciendis animi. Ut maxime unde quibusdam hic quia.',16069889.08,80,'2014-07-07 15:44:37','1982-11-09 12:53:18'),(83,'asperiores','Voluptatem eaque qui ipsam et voluptatum voluptatem porro nulla. Qui voluptatem recusandae veritatis in est. Laboriosam illo vitae quo impedit quasi qui. Necessitatibus at vel est vel odit molestiae.',501.00,81,'1982-09-03 13:53:21','1995-01-29 08:41:40'),(84,'quos','Corrupti numquam cum corporis aut officia. Sint molestiae sit consequuntur neque. Sint sapiente fugiat quam dolores deserunt saepe. Dolore ut hic quo est repellat rerum.',5845.13,82,'1987-01-19 14:25:59','1996-02-10 10:07:48'),(85,'et','Vel qui ipsam repellat voluptas deleniti laudantium rerum. Repellat est nostrum excepturi totam impedit quisquam. Animi odio autem corporis adipisci sunt reiciendis rerum accusantium.',41788648.48,83,'1992-09-24 21:02:50','2004-02-04 11:09:15'),(86,'magni','Amet repudiandae voluptas odit vero iste quis. Quia est rem fuga nihil eveniet debitis. Aliquid dignissimos reiciendis in ut.',224945067.40,84,'2020-06-20 03:30:55','1978-03-10 22:39:55'),(87,'recusandae','Hic vel sed dolores quisquam ex quasi. Nihil suscipit maxime doloribus pariatur sunt autem et.',7.40,85,'1990-09-10 23:02:29','1992-09-16 19:52:41'),(88,'ut','Quis et harum labore consectetur illum. Autem accusamus libero quis voluptas. Ut ut aut dolore delectus. Earum id quia inventore praesentium.',17.40,86,'2017-09-27 04:18:25','1993-04-19 06:42:47'),(89,'corporis','Aspernatur porro enim ducimus perferendis et qui. Minima voluptas et at nulla nihil id. Dolor molestiae officiis dolorum quasi suscipit modi animi. Sit nulla totam incidunt possimus expedita ut est.',29.43,87,'1974-08-12 11:17:38','1991-01-09 16:04:50'),(90,'quasi','Ipsam unde rerum natus exercitationem odit eius non. Et earum sed tempora velit officia. Sed impedit sed laudantium distinctio.',119281227.87,88,'1988-09-09 21:57:34','2012-01-07 14:59:15'),(91,'aut','Velit fugit optio incidunt tempora quod molestiae. Aliquam recusandae nam sed unde voluptate quaerat enim. Sit aut qui voluptas quidem qui omnis.',33724718.80,89,'1983-05-23 21:26:28','2009-11-13 18:15:29'),(92,'ipsa','Unde voluptas numquam occaecati autem enim quos eveniet. Ea sunt atque laboriosam ipsam asperiores dolores sapiente. Dolorem commodi atque molestias et quaerat fugiat.',69082.76,90,'1976-09-06 16:03:44','1983-11-30 07:09:15'),(93,'aut','Reprehenderit iusto molestias quia sunt. Labore exercitationem aut et error nostrum sit. Beatae corporis minus cum sint atque nihil modi. Praesentium eligendi molestiae provident non doloremque eligendi aut.',1922.32,91,'1976-04-10 16:38:24','1988-06-08 17:50:31'),(94,'ea','Id illo sint placeat qui vel. Optio vel est illum ut. Sint soluta quasi ipsa numquam blanditiis voluptas molestias perspiciatis. Modi neque nemo illo similique consequatur necessitatibus.',33916824.95,92,'2011-02-03 21:08:48','2001-04-04 15:51:33'),(95,'quae','Minus dolore qui fugiat rerum dolorem nemo. Officiis ullam voluptas modi temporibus ipsa magnam accusantium. Eius quia pariatur et voluptatem et laboriosam. Voluptatibus cumque quaerat voluptatibus sint.',38.63,93,'2007-05-31 15:40:49','1999-02-09 08:30:51'),(96,'fugit','Delectus dolor perspiciatis soluta dolor perspiciatis. Doloribus expedita magnam consequatur ipsum. Officiis fugit consequatur inventore.',0.00,94,'1979-09-30 02:43:23','2016-09-02 05:01:37'),(97,'maiores','Voluptatem maxime qui eligendi veritatis. Et aut necessitatibus omnis sed facilis. Possimus officiis minima aut sint autem consequatur. Qui aspernatur tempora sequi aliquid. Soluta similique sapiente at laudantium cum cum.',591.72,95,'2010-09-09 23:41:01','2002-05-08 08:04:24'),(98,'ab','Nobis similique voluptatem id dolor saepe dolorum qui. Quia voluptatem est natus qui illo placeat. Quisquam amet nihil sunt facilis sint officia sit. Non culpa dignissimos corporis recusandae qui mollitia.',659452.25,96,'1975-04-21 01:38:45','1981-12-23 08:35:48'),(99,'voluptate','Quo hic facilis consequatur. Officia autem porro ea totam voluptas debitis modi perferendis. Deleniti vel minus sapiente rerum dolorem veniam. Eos autem tempore libero ratione nobis laudantium.',190751395.08,97,'1994-04-09 16:59:21','2019-03-27 18:01:45'),(100,'suscipit','Ut autem saepe qui officiis et eaque. Vitae sunt aliquid aut sit distinctio. Est officia nam sapiente autem tempora veritatis. Quisquam sequi aliquid quos.',1009848.77,98,'1980-06-25 07:43:23','1991-11-17 17:47:06'),(101,'numquam','Nemo repellendus laboriosam et ab. Necessitatibus enim delectus ut exercitationem illo blanditiis. Qui aut accusamus quidem maiores. Est illum minus maiores tempora est.',71584.74,99,'1991-02-23 03:35:51','1978-03-25 10:57:35'),(102,'dolores','Rerum quia incidunt omnis impedit est esse. Ut velit voluptatem dolore blanditiis officiis tempora. Non explicabo eligendi molestiae repellat dignissimos et. Nostrum odio omnis totam eligendi.',7418413.57,100,'2011-01-21 09:57:07','1977-06-27 05:42:09'),(103,'odio','Dolorem nulla ut explicabo et inventore soluta. Officia voluptas libero rerum ut. Sequi itaque voluptatum repudiandae omnis voluptates.',2983151.01,101,'1972-10-28 08:23:35','1981-08-18 05:19:28'),(104,'iste','Et molestiae libero rerum fugit est. Totam quis iure dolorem velit. Delectus expedita numquam aut dolores harum. Aut omnis atque dolore esse asperiores impedit.',486907.51,102,'1993-05-27 18:13:43','1994-09-30 06:28:35'),(105,'aut','Et exercitationem omnis illo ut. Autem recusandae sit sed quidem ratione voluptate. Et ipsum autem odit in inventore provident.',1.50,103,'1982-09-11 12:56:48','1998-04-17 12:08:54'),(106,'nemo','Suscipit dolor ut autem quidem vel. Aut tempora fugit necessitatibus inventore.',80946.00,104,'1986-05-28 17:11:54','1975-11-03 19:10:18'),(107,'doloremque','Soluta sequi maxime sed maxime itaque aut. Et eveniet dolor ea placeat expedita.',600.99,105,'1993-12-10 08:19:14','1979-10-13 07:39:21');
/*!40000 ALTER TABLE `products` ENABLE KEYS */;
UNLOCK TABLES;

--
-- Table structure for table `storehouses`
--

DROP TABLE IF EXISTS `storehouses`;
/*!40101 SET @saved_cs_client     = @@character_set_client */;
/*!40101 SET character_set_client = utf8 */;
CREATE TABLE `storehouses` (
  `id` bigint(20) unsigned NOT NULL AUTO_INCREMENT,
  `name` varchar(255) COLLATE utf8mb4_unicode_ci DEFAULT NULL COMMENT '????????',
  `created_at` datetime DEFAULT current_timestamp(),
  `updated_at` datetime DEFAULT current_timestamp() ON UPDATE current_timestamp(),
  PRIMARY KEY (`id`)
) ENGINE=InnoDB AUTO_INCREMENT=107 DEFAULT CHARSET=utf8mb4 COLLATE=utf8mb4_unicode_ci COMMENT='??????';
/*!40101 SET character_set_client = @saved_cs_client */;

--
-- Dumping data for table `storehouses`
--

LOCK TABLES `storehouses` WRITE;
/*!40000 ALTER TABLE `storehouses` DISABLE KEYS */;
INSERT INTO `storehouses` VALUES (7,'earum','1999-12-03 14:30:05','1994-05-23 15:03:18'),(8,'laboriosam','1995-12-04 19:41:50','1974-08-07 03:14:11'),(9,'neque','1989-02-09 06:06:49','2020-03-21 23:29:27'),(10,'veniam','1999-01-19 19:44:43','2014-05-01 08:05:25'),(11,'recusandae','1972-12-26 06:28:41','1998-11-07 21:30:58'),(12,'aspernatur','2013-07-29 20:41:24','1970-06-23 10:02:26'),(13,'at','2002-04-30 07:34:01','1994-06-16 02:03:23'),(14,'voluptates','1992-08-18 13:38:11','1992-07-13 05:11:45'),(15,'ea','1987-04-17 18:32:19','2008-09-04 08:40:22'),(16,'neque','1992-12-15 20:15:07','2000-03-21 13:56:05'),(17,'commodi','1976-02-23 10:36:15','2020-06-13 15:41:37'),(18,'consequuntur','1973-10-03 13:22:42','2007-06-05 06:32:53'),(19,'reiciendis','1982-06-13 11:58:24','1993-07-29 04:11:12'),(20,'repellat','1971-12-15 17:26:00','2019-01-20 06:47:44'),(21,'quia','1987-04-29 15:03:42','1980-11-01 09:12:29'),(22,'sunt','1977-04-27 07:20:05','2009-04-11 13:20:07'),(23,'eos','1985-07-12 00:56:02','2012-06-24 23:45:55'),(24,'sint','1988-04-12 01:35:53','1970-11-16 09:46:33'),(25,'aut','2009-05-28 08:08:28','2009-08-17 08:56:24'),(26,'assumenda','2012-06-25 18:13:58','1976-05-03 14:58:19'),(27,'dicta','1987-07-04 17:06:14','1981-06-09 19:01:36'),(28,'impedit','1979-01-22 21:38:42','1987-12-27 10:18:20'),(29,'voluptas','2009-09-23 21:30:39','2007-11-23 09:11:51'),(30,'dolor','2017-12-01 12:08:08','1976-10-02 11:45:06'),(31,'nihil','2013-02-04 11:57:14','2010-04-07 04:01:13'),(32,'dolores','1999-01-11 11:28:24','1970-10-11 22:31:11'),(33,'doloremque','1991-02-02 09:27:54','2006-12-31 05:34:25'),(34,'sit','2001-07-19 18:22:43','1974-05-31 03:01:28'),(35,'vel','2018-06-05 12:38:20','1995-09-08 05:42:52'),(36,'consequatur','1992-06-04 13:01:49','2004-12-21 04:51:20'),(37,'eius','1992-04-12 02:24:44','1976-10-20 04:03:23'),(38,'nesciunt','1982-02-03 13:12:30','1993-01-05 19:04:51'),(39,'repellendus','2015-07-17 09:00:36','2003-10-06 11:50:33'),(40,'autem','1970-11-26 04:25:15','1985-04-15 03:38:10'),(41,'perspiciatis','1995-07-20 01:20:11','1994-05-31 20:09:33'),(42,'expedita','1975-02-25 12:38:13','1979-01-21 11:24:38'),(43,'laudantium','1974-05-21 04:35:02','1982-06-12 14:36:44'),(44,'veniam','1996-10-20 03:44:07','1993-01-04 16:54:49'),(45,'eum','2008-01-10 03:47:05','2016-05-09 11:35:46'),(46,'odit','1986-03-13 01:30:44','1996-02-14 14:15:55'),(47,'eaque','1972-06-15 16:10:14','1991-08-28 19:32:00'),(48,'deserunt','2009-06-30 10:01:45','2012-12-24 17:23:55'),(49,'et','1979-12-04 17:15:40','1977-11-03 12:56:33'),(50,'quas','1977-04-09 10:03:31','1971-04-06 09:21:57'),(51,'qui','2020-09-21 04:40:23','1999-06-27 06:35:54'),(52,'repudiandae','2011-02-13 13:55:37','1978-08-05 12:42:41'),(53,'sit','1970-11-21 22:33:04','2006-01-09 18:59:24'),(54,'architecto','2020-11-11 00:10:07','1991-09-01 02:35:11'),(55,'non','2002-02-22 10:00:03','1997-12-12 19:33:27'),(56,'et','1981-05-16 15:43:06','1973-04-27 10:23:45'),(57,'ab','2009-10-11 03:44:25','1992-08-22 09:47:03'),(58,'aut','1984-06-27 07:27:51','2011-01-13 06:04:58'),(59,'sunt','2017-07-26 07:58:19','2004-05-02 18:05:59'),(60,'velit','1971-09-07 20:07:37','2005-03-20 10:11:44'),(61,'unde','1988-07-05 17:05:07','1993-09-04 19:54:15'),(62,'eligendi','1994-10-24 01:43:37','1997-06-21 19:01:04'),(63,'dolorum','2000-12-22 19:42:22','2014-10-20 20:27:06'),(64,'quia','1976-07-22 01:42:45','2010-01-28 16:05:35'),(65,'inventore','1971-04-08 09:40:44','2000-03-14 21:16:08'),(66,'ut','1985-03-15 18:14:47','2012-09-30 00:11:31'),(67,'ut','2011-04-15 10:22:57','1994-12-25 07:48:50'),(68,'est','1992-12-08 19:25:28','1986-09-10 06:28:33'),(69,'voluptatum','1973-03-28 02:54:29','2007-04-23 01:37:43'),(70,'id','1997-08-27 10:56:35','2017-02-24 01:54:05'),(71,'perspiciatis','2016-07-04 09:30:34','2006-07-05 22:51:55'),(72,'quasi','1996-04-01 13:20:06','1990-01-03 02:47:47'),(73,'itaque','2019-05-31 17:57:46','1976-12-07 06:08:46'),(74,'esse','1981-01-22 18:01:38','2017-09-12 05:38:03'),(75,'tempora','1979-02-01 02:59:15','2006-09-22 08:24:44'),(76,'optio','2019-01-23 14:18:40','2002-07-11 00:31:14'),(77,'quaerat','1975-03-06 10:14:52','1975-09-21 16:56:40'),(78,'vel','2008-09-20 09:59:12','1987-02-03 22:46:07'),(79,'est','1987-11-26 13:15:10','1998-01-05 20:32:25'),(80,'et','2018-09-26 01:58:19','2004-09-12 17:33:51'),(81,'debitis','1987-06-07 10:05:16','2012-10-15 21:45:49'),(82,'sint','2016-10-02 15:38:28','1973-09-01 06:00:38'),(83,'voluptatum','2008-09-25 06:32:18','2011-07-20 18:17:55'),(84,'soluta','2008-08-06 21:55:55','1972-06-15 23:13:54'),(85,'fuga','1994-05-31 14:26:43','2017-11-26 13:54:25'),(86,'sit','1999-04-21 11:31:57','2016-03-04 18:27:17'),(87,'sunt','2020-07-02 18:25:00','1984-07-29 19:46:33'),(88,'dolore','1981-01-09 04:56:41','1999-03-30 12:11:46'),(89,'consequatur','1980-11-14 21:02:17','2017-01-27 10:14:21'),(90,'facere','2018-08-20 00:50:21','1970-08-21 23:56:31'),(91,'voluptate','1989-12-23 17:55:22','1972-10-14 14:25:02'),(92,'amet','2012-07-06 11:24:05','1995-06-14 20:09:38'),(93,'facilis','1999-06-21 17:54:01','2010-08-18 22:02:39'),(94,'perferendis','1970-09-26 21:43:18','1986-01-16 18:41:28'),(95,'accusamus','1986-06-15 22:17:57','2013-12-18 17:47:27'),(96,'reiciendis','1979-05-30 07:04:55','1992-06-28 21:14:04'),(97,'repellat','1979-01-17 18:34:49','1979-03-15 09:02:59'),(98,'vel','1987-11-19 03:07:03','2018-02-21 09:02:31'),(99,'est','1999-03-29 20:33:13','2017-04-04 10:13:50'),(100,'sit','2009-12-01 16:05:54','1985-12-07 01:56:50'),(101,'vel','1981-06-18 05:10:34','2008-12-11 03:20:20'),(102,'iste','1975-03-18 01:36:49','2004-07-11 01:33:09'),(103,'ad','2015-01-04 09:56:14','1979-08-20 19:57:41'),(104,'perferendis','1982-04-14 06:08:56','2010-02-18 20:34:19'),(105,'consectetur','1987-06-07 12:58:46','2008-12-03 02:21:24'),(106,'dolores','2012-11-17 23:21:04','1972-05-09 01:49:45');
/*!40000 ALTER TABLE `storehouses` ENABLE KEYS */;
UNLOCK TABLES;

--
-- Table structure for table `storehouses_products`
--

DROP TABLE IF EXISTS `storehouses_products`;
/*!40101 SET @saved_cs_client     = @@character_set_client */;
/*!40101 SET character_set_client = utf8 */;
CREATE TABLE `storehouses_products` (
  `id` bigint(20) unsigned NOT NULL AUTO_INCREMENT,
  `storehouse_id` int(10) unsigned DEFAULT NULL,
  `product_id` int(10) unsigned DEFAULT NULL,
  `value` int(10) unsigned DEFAULT NULL COMMENT '????? ???????? ??????? ?? ??????',
  `created_at` datetime DEFAULT current_timestamp(),
  `updated_at` datetime DEFAULT current_timestamp() ON UPDATE current_timestamp(),
  PRIMARY KEY (`id`)
) ENGINE=InnoDB AUTO_INCREMENT=13 DEFAULT CHARSET=utf8mb4 COLLATE=utf8mb4_unicode_ci COMMENT='?????? ?? ??????';
/*!40101 SET character_set_client = @saved_cs_client */;

--
-- Dumping data for table `storehouses_products`
--

LOCK TABLES `storehouses_products` WRITE;
/*!40000 ALTER TABLE `storehouses_products` DISABLE KEYS */;
INSERT INTO `storehouses_products` VALUES (7,7,8,1388,'2005-06-11 18:10:43','2008-03-21 09:15:35'),(8,8,9,3439,'1993-03-22 18:21:45','1991-08-21 19:29:03'),(9,9,10,6221,'1972-10-19 19:50:53','1997-07-16 19:18:30'),(10,10,11,4162,'2006-07-12 19:12:47','1984-04-28 03:57:20'),(11,11,12,5103,'1993-08-04 08:14:22','1999-08-16 16:05:18'),(12,12,13,3102,'1997-02-01 06:41:54','2006-01-24 01:55:38');
/*!40000 ALTER TABLE `storehouses_products` ENABLE KEYS */;
UNLOCK TABLES;

--
-- Table structure for table `users`
--

DROP TABLE IF EXISTS `users`;
/*!40101 SET @saved_cs_client     = @@character_set_client */;
/*!40101 SET character_set_client = utf8 */;
CREATE TABLE `users` (
  `id` bigint(20) unsigned NOT NULL AUTO_INCREMENT,
  `name` varchar(255) COLLATE utf8mb4_unicode_ci DEFAULT NULL COMMENT '??? ??????????',
  `birthday_at` date DEFAULT NULL COMMENT '???? ????????',
  `created_at` varchar(255) COLLATE utf8mb4_unicode_ci DEFAULT NULL,
  `updated_at` varchar(255) COLLATE utf8mb4_unicode_ci DEFAULT NULL,
  PRIMARY KEY (`id`)
) ENGINE=InnoDB AUTO_INCREMENT=107 DEFAULT CHARSET=utf8mb4 COLLATE=utf8mb4_unicode_ci COMMENT='??????????';
/*!40101 SET character_set_client = @saved_cs_client */;

--
-- Dumping data for table `users`
--

LOCK TABLES `users` WRITE;
/*!40000 ALTER TABLE `users` DISABLE KEYS */;
INSERT INTO `users` VALUES (7,'non','2014-04-14',NULL,NULL),(8,'quaerat','2011-02-17',NULL,NULL),(9,'officiis','1973-07-17',NULL,NULL),(10,'qui','1972-04-20',NULL,NULL),(11,'eum','1983-10-10',NULL,NULL),(12,'commodi','1988-12-26',NULL,NULL),(13,'et','1998-06-22',NULL,NULL),(14,'dolores','1989-10-13',NULL,NULL),(15,'dolorem','1980-10-02',NULL,NULL),(16,'ex','1979-09-13',NULL,NULL),(17,'aut','1975-09-06',NULL,NULL),(18,'est','2012-10-13',NULL,NULL),(19,'officiis','1991-10-21',NULL,NULL),(20,'laudantium','1982-07-25',NULL,NULL),(21,'assumenda','1985-05-16',NULL,NULL),(22,'voluptatum','2013-12-21',NULL,NULL),(23,'rem','2016-12-04',NULL,NULL),(24,'voluptatem','1995-09-29',NULL,NULL),(25,'facilis','1982-02-24',NULL,NULL),(26,'quae','1997-07-09',NULL,NULL),(27,'ut','2013-07-15',NULL,NULL),(28,'quia','1996-01-01',NULL,NULL),(29,'voluptatem','1994-09-21',NULL,NULL),(30,'aut','1973-03-12',NULL,NULL),(31,'veritatis','2003-11-24',NULL,NULL),(32,'aut','1997-06-15',NULL,NULL),(33,'et','1976-01-26',NULL,NULL),(34,'vitae','1996-04-22',NULL,NULL),(35,'odit','2007-01-01',NULL,NULL),(36,'placeat','1992-05-22',NULL,NULL),(37,'delectus','2001-07-01',NULL,NULL),(38,'possimus','1999-04-12',NULL,NULL),(39,'tempora','2020-08-05',NULL,NULL),(40,'ex','1996-12-10',NULL,NULL),(41,'hic','1983-08-18',NULL,NULL),(42,'eum','1974-01-11',NULL,NULL),(43,'velit','1992-08-14',NULL,NULL),(44,'unde','1994-07-07',NULL,NULL),(45,'illum','2019-01-21',NULL,NULL),(46,'et','1973-03-29',NULL,NULL),(47,'voluptates','1987-08-14',NULL,NULL),(48,'aliquam','1974-07-22',NULL,NULL),(49,'repellendus','2017-01-25',NULL,NULL),(50,'laboriosam','1998-06-17',NULL,NULL),(51,'enim','1985-11-27',NULL,NULL),(52,'et','1997-07-14',NULL,NULL),(53,'officiis','2017-10-31',NULL,NULL),(54,'veniam','1970-02-26',NULL,NULL),(55,'labore','1979-10-06',NULL,NULL),(56,'aspernatur','1975-12-29',NULL,NULL),(57,'beatae','1993-02-15',NULL,NULL),(58,'adipisci','1979-06-25',NULL,NULL),(59,'eum','1983-12-05',NULL,NULL),(60,'quos','1994-08-17',NULL,NULL),(61,'autem','1993-10-04',NULL,NULL),(62,'omnis','2018-07-14',NULL,NULL),(63,'ab','1976-07-08',NULL,NULL),(64,'quia','1976-12-26',NULL,NULL),(65,'consequatur','2017-11-17',NULL,NULL),(66,'omnis','1981-07-12',NULL,NULL),(67,'reprehenderit','1991-11-04',NULL,NULL),(68,'laborum','2005-11-15',NULL,NULL),(69,'autem','1994-06-10',NULL,NULL),(70,'ad','1975-12-25',NULL,NULL),(71,'architecto','1984-07-27',NULL,NULL),(72,'a','2010-03-21',NULL,NULL),(73,'quo','1978-06-08',NULL,NULL),(74,'laboriosam','1992-08-07',NULL,NULL),(75,'architecto','1982-06-02',NULL,NULL),(76,'fugit','1986-12-12',NULL,NULL),(77,'dicta','1979-10-03',NULL,NULL),(78,'sunt','1982-05-22',NULL,NULL),(79,'qui','2013-01-08',NULL,NULL),(80,'quas','2018-07-13',NULL,NULL),(81,'nisi','1993-10-12',NULL,NULL),(82,'tenetur','2012-03-24',NULL,NULL),(83,'sit','1973-12-31',NULL,NULL),(84,'qui','1997-07-28',NULL,NULL),(85,'iusto','2014-08-04',NULL,NULL),(86,'a','2000-03-05',NULL,NULL),(87,'nemo','1972-03-21',NULL,NULL),(88,'reprehenderit','1971-11-25',NULL,NULL),(89,'voluptatem','1992-11-23',NULL,NULL),(90,'sed','1972-08-01',NULL,NULL),(91,'voluptatibus','1976-11-26',NULL,NULL),(92,'autem','1980-01-04',NULL,NULL),(93,'nulla','1985-12-18',NULL,NULL),(94,'et','2019-12-28',NULL,NULL),(95,'qui','2012-08-24',NULL,NULL),(96,'sunt','1996-01-30',NULL,NULL),(97,'amet','2014-10-06',NULL,NULL),(98,'et','2011-01-14',NULL,NULL),(99,'iste','2005-10-20',NULL,NULL),(100,'ut','2008-05-03',NULL,NULL),(101,'facere','2016-03-16',NULL,NULL),(102,'est','1990-03-01',NULL,NULL),(103,'voluptas','2005-09-29',NULL,NULL),(104,'possimus','2006-05-31',NULL,NULL),(105,'sit','1991-11-28',NULL,NULL),(106,'dolores','1983-05-30',NULL,NULL);
/*!40000 ALTER TABLE `users` ENABLE KEYS */;
UNLOCK TABLES;
/*!40103 SET TIME_ZONE=@OLD_TIME_ZONE */;

/*!40101 SET SQL_MODE=@OLD_SQL_MODE */;
/*!40014 SET FOREIGN_KEY_CHECKS=@OLD_FOREIGN_KEY_CHECKS */;
/*!40014 SET UNIQUE_CHECKS=@OLD_UNIQUE_CHECKS */;
/*!40101 SET CHARACTER_SET_CLIENT=@OLD_CHARACTER_SET_CLIENT */;
/*!40101 SET CHARACTER_SET_RESULTS=@OLD_CHARACTER_SET_RESULTS */;
/*!40101 SET COLLATION_CONNECTION=@OLD_COLLATION_CONNECTION */;
/*!40111 SET SQL_NOTES=@OLD_SQL_NOTES */;

-- Dump completed on 2021-03-24 13:59:24
